Latitude, Longitude
37.6121295,126.9939281
37.6121230,126.9939214
37.6121207,126.9939185
37.6121194,126.9939165
37.6121208,126.9939168
37.6121207,126.9939164
37.6121168,126.9939140
37.6121119,126.9939121
37.6121079,126.9939108
37.6121120,126.9939140
37.6121201,126.9939203
37.6121237,126.9939239
37.6121255,126.9939263
37.6121244,126.9939261
37.6121244,126.9939266
37.6121263,126.9939279
37.6121283,126.9939294
37.6121294,126.9939296
37.6121297,126.9939294
37.6121294,126.9939292
37.6121290,126.9939288
37.6121288,126.9939288
37.6121284,126.9939287
37.6121279,126.9939285
37.6121278,126.9939285
37.6121281,126.9939286
37.6121280,126.9939283
37.6121281,126.9939288
37.6121283,126.9939294
37.6121286,126.9939299
37.6121294,126.9939306
37.6121298,126.9939309
37.6121305,126.9939316
37.6121311,126.9939325
37.6121315,126.9939330
37.6121316,126.9939335
37.6121318,126.9939340
37.6121320,126.9939344
37.6121324,126.9939348
37.6121328,126.9939355
37.6121334,126.9939361
37.6121340,126.9939367
37.6121345,126.9939370
37.6121350,126.9939376
37.6121354,126.9939383
37.6121358,126.9939388
37.6121362,126.9939394
37.6121365,126.9939401
37.6121368,126.9939409
37.6121371,126.9939415
37.6121377,126.9939421
37.6121383,126.9939427
37.6121388,126.9939430
37.6121394,126.9939433
37.6121400,126.9939437
37.6121406,126.9939440
37.6121411,126.9939442
37.6121413,126.9939444
37.6121415,126.9939446
37.6121417,126.9939449
37.6121420,126.9939454
37.6121422,126.9939460
37.6121424,126.9939465
37.6121426,126.9939468
37.6121429,126.9939469
37.6121432,126.9939470
37.6121436,126.9939470
37.6121442,126.9939470
37.6121448,126.9939470
37.6121454,126.9939471
37.6121462,126.9939472
37.6121469,126.9939471
37.6121474,126.9939469
37.6121479,126.9939468
37.6121485,126.9939468
37.6121491,126.9939469
37.6121498,126.9939473
37.6121505,126.9939477
37.6121512,126.9939480
37.6121519,126.9939484
37.6121527,126.9939488
37.6121535,126.9939492
37.6121543,126.9939496
37.6121551,126.9939500
37.6121559,126.9939504
37.6121566,126.9939507
37.6121572,126.9939511
37.6121578,126.9939515
37.6121585,126.9939520
37.6121591,126.9939525
37.6121597,126.9939529
37.6121604,126.9939532
37.6121612,126.9939536
37.6121618,126.9939539
37.6121626,126.9939543
37.6121635,126.9939547
37.6121642,126.9939550
37.6121649,126.9939553
37.6121657,126.9939556
37.6121666,126.9939560
37.6121675,126.9939566
37.6121683,126.9939572
37.6121691,126.9939579
37.6121698,126.9939586
37.6121704,126.9939595
37.6121711,126.9939603
37.6121717,126.9939611
37.6121723,126.9939620
37.6121728,126.9939628
37.6121733,126.9939637
37.6121736,126.9939645
37.6121741,126.9939655
37.6121745,126.9939664
37.6121750,126.9939673
37.6121756,126.9939680
37.6121762,126.9939687
37.6121769,126.9939694
37.6121776,126.9939701
37.6121784,126.9939709
37.6121791,126.9939716
37.6121798,126.9939722
37.6121806,126.9939727
37.6121813,126.9939733
37.6121822,126.9939739
37.6121830,126.9939747
37.6121838,126.9939754
37.6121846,126.9939759
37.6121854,126.9939766
37.6121863,126.9939772
37.6121873,126.9939779
37.6121883,126.9939787
37.6121891,126.9939796
37.6121899,126.9939805
37.6121906,126.9939814
37.6121914,126.9939824
37.6121920,126.9939834
37.6121927,126.9939843
37.6121934,126.9939850
37.6121941,126.9939857
37.6121949,126.9939863
37.6121957,126.9939870
37.6121966,126.9939879
37.6121974,126.9939888
37.6121981,126.9939897
37.6121987,126.9939906
37.6121993,126.9939916
37.6121999,126.9939927
37.6122005,126.9939937
37.6122012,126.9939947
37.6122021,126.9939955
37.6122028,126.9939962
37.6122037,126.9939969
37.6122047,126.9939977
37.6122056,126.9939984
37.6122065,126.9939993
37.6122074,126.9940000
37.6122082,126.9940008
37.6122091,126.9940017
37.6122100,126.9940026
37.6122108,126.9940035
37.6122117,126.9940042
37.6122125,126.9940049
37.6122134,126.9940057
37.6122144,126.9940065
37.6122154,126.9940073
37.6122163,126.9940082
37.6122171,126.9940091
37.6122179,126.9940101
37.6122188,126.9940111
37.6122195,126.9940121
37.6122204,126.9940131
37.6122212,126.9940139
37.6122220,126.9940145
37.6122230,126.9940152
37.6122240,126.9940158
37.6122250,126.9940166
37.6122260,126.9940174
37.6122268,126.9940181
37.6122275,126.9940189
37.6122284,126.9940198
37.6122291,126.9940206
37.6122299,126.9940215
37.6122307,126.9940221
37.6122314,126.9940227
37.6122322,126.9940233
37.6122331,126.9940239
37.6122339,126.9940244
37.6122348,126.9940249
37.6122356,126.9940254
37.6122364,126.9940261
37.6122373,126.9940268
37.6122381,126.9940276
37.6122389,126.9940283
37.6122397,126.9940290
37.6122405,126.9940295
37.6122413,126.9940301
37.6122421,126.9940307
37.6122430,126.9940314
37.6122440,126.9940320
37.6122449,126.9940327
37.6122457,126.9940332
37.6122466,126.9940336
37.6122476,126.9940340
37.6122486,126.9940342
37.6122497,126.9940343
37.6122505,126.9940341
37.6122513,126.9940339
37.6122522,126.9940337
37.6122531,126.9940336
37.6122540,126.9940333
37.6122550,126.9940333
37.6122558,126.9940332
37.6122566,126.9940332
37.6122576,126.9940331
37.6122586,126.9940332
37.6122595,126.9940332
37.6122605,126.9940333
37.6122614,126.9940334
37.6122622,126.9940336
37.6122631,126.9940338
37.6122640,126.9940341
37.6122649,126.9940344
37.6122657,126.9940349
37.6122664,126.9940355
37.6122671,126.9940362
37.6122679,126.9940370
37.6122686,126.9940380
37.6122694,126.9940391
37.6122698,126.9940400
37.6122703,126.9940408
37.6122707,126.9940419
37.6122710,126.9940429
37.6122711,126.9940439
37.6122712,126.9940450
37.6122713,126.9940462
37.6122712,126.9940473
37.6122710,126.9940484
37.6122708,126.9940496
37.6122706,126.9940507
37.6122703,126.9940519
37.6122702,126.9940530
37.6122700,126.9940539
37.6122699,126.9940550
37.6122698,126.9940562
37.6122697,126.9940574
37.6122695,126.9940587
37.6122694,126.9940599
37.6122692,126.9940610
37.6122690,126.9940620
37.6122686,126.9940632
37.6122683,126.9940644
37.6122680,126.9940656
37.6122678,126.9940667
37.6122675,126.9940678
37.6122671,126.9940689
37.6122669,126.9940700
37.6122665,126.9940712
37.6122661,126.9940723
37.6122657,126.9940734
37.6122652,126.9940745
37.6122648,126.9940756
37.6122643,126.9940766
37.6122638,126.9940777
37.6122634,126.9940789
37.6122631,126.9940802
37.6122627,126.9940814
37.6122623,126.9940825
37.6122619,126.9940836
37.6122616,126.9940848
37.6122613,126.9940861
37.6122612,126.9940872
37.6122610,126.9940885
37.6122609,126.9940898
37.6122608,126.9940912
37.6122607,126.9940928
37.6122609,126.9940941
37.6122612,126.9940953
37.6122615,126.9940965
37.6122619,126.9940975
37.6122622,126.9940987
37.6122625,126.9940998
37.6122628,126.9941008
37.6122630,126.9941019
37.6122632,126.9941029
37.6122634,126.9941039
37.6122636,126.9941051
37.6122639,126.9941061
37.6122642,126.9941071
37.6122646,126.9941081
37.6122649,126.9941091
37.6122653,126.9941101
37.6122656,126.9941113
37.6122658,126.9941123
37.6122660,126.9941134
37.6122660,126.9941144
37.6122660,126.9941154
37.6122659,126.9941165
37.6122658,126.9941176
37.6122657,126.9941187
37.6122655,126.9941196
37.6122654,126.9941205
37.6122652,126.9941215
37.6122649,126.9941224
37.6122646,126.9941234
37.6122643,126.9941244
37.6122639,126.9941251
37.6122634,126.9941256
37.6122629,126.9941262
37.6122622,126.9941267
37.6122615,126.9941273
37.6122608,126.9941279
37.6122602,126.9941281
37.6122594,126.9941285
37.6122587,126.9941287
37.6122579,126.9941288
37.6122570,126.9941289
37.6122562,126.9941290
37.6122554,126.9941289
37.6122546,126.9941286
37.6122539,126.9941284
37.6122530,126.9941280
37.6122522,126.9941275
37.6122513,126.9941271
37.6122506,126.9941267
37.6122498,126.9941264
37.6122490,126.9941259
37.6122483,126.9941254
37.6122473,126.9941248
37.6122465,126.9941243
37.6122458,126.9941237
37.6122451,126.9941230
37.6122444,126.9941223
37.6122437,126.9941216
37.6122430,126.9941207
37.6122422,126.9941199
37.6122415,126.9941192
37.6122408,126.9941185
37.6122400,126.9941178
37.6122394,126.9941170
37.6122386,126.9941162
37.6122380,126.9941153
37.6122374,126.9941144
37.6122368,126.9941136
37.6122362,126.9941128
37.6122356,126.9941118
37.6122350,126.9941108
37.6122343,126.9941097
37.6122337,126.9941089
37.6122331,126.9941081
37.6122324,126.9941072
37.6122319,126.9941063
37.6122313,126.9941055
37.6122307,126.9941045
37.6122302,126.9941035
37.6122297,126.9941026
37.6122293,126.9941017
37.6122287,126.9941007
37.6122283,126.9940996
37.6122277,126.9940986
37.6122273,126.9940978
37.6122267,126.9940967
37.6122263,126.9940959
37.6122259,126.9940949
37.6122254,126.9940938
37.6122251,126.9940928
37.6122249,126.9940917
37.6122247,126.9940907
37.6122246,126.9940896
37.6122245,126.9940884
37.6122244,126.9940872
37.6122244,126.9940861
37.6122242,126.9940850
37.6122240,126.9940838
37.6122239,126.9940827
37.6122237,126.9940815
37.6122236,126.9940802
37.6122235,126.9940789
37.6122234,126.9940777
37.6122234,126.9940766
37.6122234,126.9940754
37.6122234,126.9940741
37.6122233,126.9940728
37.6122231,126.9940714
37.6122229,126.9940703
37.6122226,126.9940690
37.6122222,126.9940676
37.6122219,126.9940663
37.6122215,126.9940648
37.6122212,126.9940635
37.6122208,126.9940622
37.6122204,126.9940609
37.6122199,126.9940594
37.6122193,126.9940580
37.6122186,126.9940567
37.6122178,126.9940556
37.6122169,126.9940546
37.6122159,126.9940535
37.6122149,126.9940525
37.6122139,126.9940515
37.6122131,126.9940506
37.6122123,126.9940498
37.6122114,126.9940488
37.6122106,126.9940478
37.6122098,126.9940468
37.6122089,126.9940459
37.6122081,126.9940451
37.6122072,126.9940441
37.6122065,126.9940431
37.6122056,126.9940422
37.6122049,126.9940412
37.6122042,126.9940402
37.6122036,126.9940391
37.6122029,126.9940380
37.6122023,126.9940369
37.6122017,126.9940356
37.6122010,126.9940345
37.6122003,126.9940336
37.6121996,126.9940326
37.6121988,126.9940315
37.6121981,126.9940306
37.6121974,126.9940296
37.6121967,126.9940285
37.6121960,126.9940276
37.6121954,126.9940266
37.6121948,126.9940255
37.6121941,126.9940243
37.6121933,126.9940233
37.6121926,126.9940223
37.6121919,126.9940213
37.6121911,126.9940204
37.6121902,126.9940193
37.6121895,126.9940183
37.6121888,126.9940173
37.6121882,126.9940163
37.6121876,126.9940153
37.6121870,126.9940141
37.6121864,126.9940129
37.6121857,126.9940118
37.6121849,126.9940109
37.6121842,126.9940099
37.6121835,126.9940089
37.6121827,126.9940079
37.6121819,126.9940069
37.6121812,126.9940058
37.6121806,126.9940049
37.6121800,126.9940040
37.6121794,126.9940029
37.6121787,126.9940018
37.6121780,126.9940008
37.6121771,126.9940000
37.6121762,126.9939992
37.6121753,126.9939984
37.6121743,126.9939976
37.6121734,126.9939968
37.6121725,126.9939959
37.6121717,126.9939949
37.6121710,126.9939939
37.6121702,126.9939927
37.6121695,126.9939915
37.6121688,126.9939904
37.6121680,126.9939895
37.6121673,126.9939886
37.6121666,126.9939877
37.6121658,126.9939866
37.6121650,126.9939857
37.6121642,126.9939846
37.6121635,126.9939835
37.6121627,126.9939826
37.6121619,126.9939815
37.6121611,126.9939804
37.6121603,126.9939794
37.6121595,126.9939785
37.6121586,126.9939777
37.6121577,126.9939769
37.6121567,126.9939760
37.6121557,126.9939751
37.6121548,126.9939742
37.6121539,126.9939731
37.6121532,126.9939722
37.6121524,126.9939712
37.6121515,126.9939700
37.6121507,126.9939690
37.6121500,126.9939679
37.6121492,126.9939669
37.6121485,126.9939660
37.6121478,126.9939650
37.6121470,126.9939639
37.6121463,126.9939629
37.6121455,126.9939618
37.6121448,126.9939607
37.6121440,126.9939597
37.6121432,126.9939585
37.6121425,126.9939574
37.6121417,126.9939565
37.6121410,126.9939557
37.6121401,126.9939548
37.6121393,126.9939539
37.6121384,126.9939530
37.6121375,126.9939520
37.6121367,126.9939510
37.6121361,126.9939500
37.6121353,126.9939490
37.6121346,126.9939478
37.6121339,126.9939465
37.6121331,126.9939455
37.6121324,126.9939446
37.6121318,126.9939438
37.6121311,126.9939428
37.6121303,126.9939420
37.6121296,126.9939411
37.6121291,126.9939402
37.6121287,126.9939397
37.6121283,126.9939392
37.6121279,126.9939387
37.6121275,126.9939382
37.6121272,126.9939378
37.6121269,126.9939374
37.6121266,126.9939368
37.6121264,126.9939363
37.6121261,126.9939358
37.6121257,126.9939352
37.6121253,126.9939346
37.6121248,126.9939340
37.6121242,126.9939333
37.6121235,126.9939327
37.6121229,126.9939319
37.6121227,126.9939316
37.6121223,126.9939312
37.6121221,126.9939309
37.6121219,126.9939307
37.6121216,126.9939304
37.6121214,126.9939302
37.6121212,126.9939299
37.6121209,126.9939297
37.6121206,126.9939293
37.6121203,126.9939287
37.6121198,126.9939281
37.6121193,126.9939273
37.6121188,126.9939265
37.6121183,126.9939258
37.6121177,126.9939252
37.6121171,126.9939246
37.6121164,126.9939238
37.6121156,126.9939232
37.6121149,126.9939225
37.6121141,126.9939216
37.6121133,126.9939209
37.6121124,126.9939202
37.6121116,126.9939194
37.6121107,126.9939185
37.6121098,126.9939178
37.6121089,126.9939172
37.6121081,126.9939165
37.6121072,126.9939158
37.6121063,126.9939151
37.6121054,126.9939142
37.6121047,126.9939134
37.6121039,126.9939125
37.6121032,126.9939115
37.6121024,126.9939105
37.6121018,126.9939095
37.6121010,126.9939086
37.6121002,126.9939079
37.6120994,126.9939071
37.6120985,126.9939064
37.6120977,126.9939057
37.6120968,126.9939049
37.6120960,126.9939041
37.6120953,126.9939034
37.6120945,126.9939025
37.6120937,126.9939016
37.6120928,126.9939007
37.6120920,126.9938998
37.6120911,126.9938991
37.6120902,126.9938984
37.6120893,126.9938977
37.6120883,126.9938971
37.6120873,126.9938964
37.6120864,126.9938956
37.6120856,126.9938948
37.6120847,126.9938941
37.6120840,126.9938930
37.6120832,126.9938921
37.6120823,126.9938912
37.6120818,126.9938901
37.6120813,126.9938893
37.6120804,126.9938882
37.6120795,126.9938876
37.6120789,126.9938869
37.6120778,126.9938870
37.6120760,126.9938866
37.6120745,126.9938879
37.6120735,126.9938881
37.6120735,126.9938870
37.6120731,126.9938863
37.6120725,126.9938859
37.6120718,126.9938859
37.6120710,126.9938853
37.6120706,126.9938843
37.6120697,126.9938837
37.6120690,126.9938830
37.6120679,126.9938821
37.6120669,126.9938811
37.6120659,126.9938802
37.6120651,126.9938793
37.6120644,126.9938786
37.6120637,126.9938782
37.6120625,126.9938782
37.6120620,126.9938779
37.6120618,126.9938777
37.6120614,126.9938776
37.6120611,126.9938773
37.6120607,126.9938768
37.6120604,126.9938766
37.6120598,126.9938759
37.6120592,126.9938756
37.6120587,126.9938745
37.6120575,126.9938736
37.6120566,126.9938730
37.6120558,126.9938727
37.6120554,126.9938724
37.6120549,126.9938719
37.6120545,126.9938716
37.6120545,126.9938708
37.6120546,126.9938707
37.6120537,126.9938701
37.6120526,126.9938695
37.6120519,126.9938681
37.6120513,126.9938676
37.6120507,126.9938671
37.6120500,126.9938669
37.6120495,126.9938668
37.6120493,126.9938668
37.6120496,126.9938668
37.6120500,126.9938663
37.6120500,126.9938664
37.6120506,126.9938661
37.6120503,126.9938659
37.6120501,126.9938656
37.6120494,126.9938652
37.6120489,126.9938646
37.6120480,126.9938648
37.6120475,126.9938647
37.6120467,126.9938644
37.6120463,126.9938643
37.6120461,126.9938633
37.6120462,126.9938635
37.6120460,126.9938634
37.6120459,126.9938633
37.6120457,126.9938627
37.6120455,126.9938626
37.6120453,126.9938630
37.6120456,126.9938626
37.6120457,126.9938627
37.6120452,126.9938627
37.6120447,126.9938628
37.6120442,126.9938628
37.6120431,126.9938629
37.6120436,126.9938629
37.6120425,126.9938639
37.6120421,126.9938646
37.6120419,126.9938642
37.6120421,126.9938638
37.6120425,126.9938633
37.6120427,126.9938626
37.6120428,126.9938618
37.6120426,126.9938613
37.6120419,126.9938609
37.6120417,126.9938604
37.6120415,126.9938601
37.6120411,126.9938598
37.6120407,126.9938596
37.6120407,126.9938586
37.6120407,126.9938582
37.6120406,126.9938575
37.6120404,126.9938578
37.6120402,126.9938578
37.6120399,126.9938585
37.6120393,126.9938581
37.6120386,126.9938581
37.6120381,126.9938580
37.6120379,126.9938574
37.6120378,126.9938568
37.6120373,126.9938559
37.6120374,126.9938552
37.6120370,126.9938553
37.6120366,126.9938551
37.6120364,126.9938548
37.6120361,126.9938549
37.6120357,126.9938546
37.6120357,126.9938542
37.6120355,126.9938539
37.6120354,126.9938532
37.6120353,126.9938527
37.6120350,126.9938531
37.6120350,126.9938528
37.6120347,126.9938522
37.6120345,126.9938517
37.6120343,126.9938514
37.6120341,126.9938510
37.6120341,126.9938510
37.6120341,126.9938506
37.6120339,126.9938499
37.6120337,126.9938495
37.6120335,126.9938490
37.6120335,126.9938478
37.6120340,126.9938464
37.6120346,126.9938453
37.6120351,126.9938432
37.6120357,126.9938418
37.6120353,126.9938409
37.6120353,126.9938403
37.6120350,126.9938399
37.6120353,126.9938390
37.6120358,126.9938376
37.6120360,126.9938363
37.6120364,126.9938352
37.6120371,126.9938339
37.6120376,126.9938332
37.6120379,126.9938327
37.6120381,126.9938317
37.6120383,126.9938307
37.6120388,126.9938289
37.6120394,126.9938269
37.6120405,126.9938249
37.6120412,126.9938236
37.6120417,126.9938232
37.6120420,126.9938228
37.6120420,126.9938230
37.6120426,126.9938220
37.6120429,126.9938210
37.6120433,126.9938194
37.6120444,126.9938177
37.6120451,126.9938164
37.6120456,126.9938154
37.6120461,126.9938147
37.6120471,126.9938143
37.6120476,126.9938135
37.6120481,126.9938125
37.6120488,126.9938112
37.6120495,126.9938095
37.6120504,126.9938079
37.6120513,126.9938064
37.6120517,126.9938056
37.6120519,126.9938051
37.6120523,126.9938044
37.6120528,126.9938035
37.6120534,126.9938022
37.6120538,126.9938011
37.6120544,126.9937999
37.6120549,126.9937991
37.6120555,126.9937988
37.6120564,126.9937986
37.6120572,126.9937981
37.6120577,126.9937970
37.6120582,126.9937958
37.6120584,126.9937940
37.6120588,126.9937923
37.6120595,126.9937910
37.6120602,126.9937898
37.6120605,126.9937894
37.6120608,126.9937890
37.6120611,126.9937885
37.6120615,126.9937878
37.6120616,126.9937869
37.6120619,126.9937856
37.6120625,126.9937842
37.6120632,126.9937828
37.6120646,126.9937817
37.6120649,126.9937811
37.6120651,126.9937810
37.6120648,126.9937809
37.6120646,126.9937804
37.6120646,126.9937799
37.6120648,126.9937790
37.6120654,126.9937786
37.6120660,126.9937775
37.6120667,126.9937765
37.6120671,126.9937762
37.6120669,126.9937761
37.6120672,126.9937758
37.6120675,126.9937752
37.6120676,126.9937740
37.6120680,126.9937724
37.6120684,126.9937709
37.6120689,126.9937693
37.6120695,126.9937680
37.6120694,126.9937667
37.6120695,126.9937655
37.6120695,126.9937643
37.6120695,126.9937633
37.6120693,126.9937625
37.6120689,126.9937616
37.6120691,126.9937606
37.6120692,126.9937595
37.6120695,126.9937584
37.6120701,126.9937569
37.6120705,126.9937554
37.6120706,126.9937543
37.6120708,126.9937533
37.6120711,126.9937521
37.6120715,126.9937510
37.6120718,126.9937498
37.6120721,126.9937485
37.6120722,126.9937471
37.6120724,126.9937455
37.6120724,126.9937438
37.6120724,126.9937421
37.6120721,126.9937404
37.6120716,126.9937391
37.6120711,126.9937380
37.6120705,126.9937369
37.6120703,126.9937355
37.6120701,126.9937340
37.6120699,126.9937328
37.6120697,126.9937318
37.6120696,126.9937309
37.6120694,126.9937294
37.6120691,126.9937284
37.6120683,126.9937273
37.6120676,126.9937261
37.6120667,126.9937254
37.6120661,126.9937245
37.6120655,126.9937239
37.6120650,126.9937233
37.6120643,126.9937229
37.6120635,126.9937222
37.6120628,126.9937212
37.6120620,126.9937200
37.6120612,126.9937189
37.6120602,126.9937179
37.6120595,126.9937172
37.6120588,126.9937167
37.6120583,126.9937160
37.6120578,126.9937154
37.6120572,126.9937146
37.6120566,126.9937140
37.6120559,126.9937132
37.6120552,126.9937123
37.6120547,126.9937110
37.6120539,126.9937101
37.6120531,126.9937092
37.6120521,126.9937085
37.6120513,126.9937077
37.6120507,126.9937070
37.6120501,126.9937063
37.6120494,126.9937056
37.6120490,126.9937047
37.6120486,126.9937037
37.6120479,126.9937025
37.6120471,126.9937016
37.6120462,126.9937009
37.6120454,126.9937001
37.6120449,126.9936994
37.6120442,126.9936983
37.6120434,126.9936971
37.6120427,126.9936962
37.6120422,126.9936954
37.6120416,126.9936944
37.6120410,126.9936937
37.6120402,126.9936923
37.6120397,126.9936910
37.6120388,126.9936894
37.6120384,126.9936886
37.6120378,126.9936879
37.6120373,126.9936872
37.6120368,126.9936862
37.6120362,126.9936853
37.6120358,126.9936843
37.6120352,126.9936830
37.6120346,126.9936816
37.6120341,126.9936802
37.6120334,126.9936790
37.6120327,126.9936780
37.6120320,126.9936772
37.6120313,126.9936763
37.6120305,126.9936753
37.6120299,126.9936741
37.6120293,126.9936730
37.6120287,126.9936721
37.6120281,126.9936711
37.6120276,126.9936699
37.6120270,126.9936686
37.6120263,126.9936677
37.6120256,126.9936668
37.6120247,126.9936658
37.6120238,126.9936647
37.6120231,126.9936634
37.6120223,126.9936619
37.6120215,126.9936606
37.6120207,126.9936594
37.6120200,126.9936585
37.6120193,126.9936578
37.6120187,126.9936568
37.6120181,126.9936555
37.6120173,126.9936546
37.6120167,126.9936535
37.6120160,126.9936523
37.6120153,126.9936514
37.6120146,126.9936503
37.6120140,126.9936495
37.6120132,126.9936490
37.6120127,126.9936481
37.6120120,126.9936468
37.6120114,126.9936454
37.6120106,126.9936442
37.6120098,126.9936433
37.6120091,126.9936426
37.6120086,126.9936421
37.6120081,126.9936415
37.6120077,126.9936406
37.6120074,126.9936399
37.6120068,126.9936387
37.6120062,126.9936372
37.6120056,126.9936358
37.6120048,126.9936349
37.6120041,126.9936342
37.6120034,126.9936335
37.6120026,126.9936330
37.6120021,126.9936321
37.6120016,126.9936311
37.6120011,126.9936301
37.6120004,126.9936291
37.6119999,126.9936280
37.6119994,126.9936267
37.6119988,126.9936256
37.6119980,126.9936247
37.6119971,126.9936239
37.6119963,126.9936226
37.6119953,126.9936214
37.6119944,126.9936195
37.6119937,126.9936180
37.6119931,126.9936169
37.6119927,126.9936161
37.6119922,126.9936154
37.6119917,126.9936141
37.6119912,126.9936127
37.6119905,126.9936115
37.6119898,126.9936104
37.6119894,126.9936092
37.6119889,126.9936083
37.6119884,126.9936072
37.6119878,126.9936062
37.6119873,126.9936054
37.6119867,126.9936041
37.6119861,126.9936029
37.6119853,126.9936016
37.6119844,126.9936002
37.6119838,126.9935994
37.6119831,126.9935987
37.6119824,126.9935981
37.6119816,126.9935973
37.6119809,126.9935964
37.6119802,126.9935952
37.6119795,126.9935940
37.6119788,126.9935923
37.6119780,126.9935909
37.6119772,126.9935901
37.6119763,126.9935894
37.6119753,126.9935890
37.6119743,126.9935880
37.6119731,126.9935867
37.6119722,126.9935849
37.6119711,126.9935834
37.6119705,126.9935822
37.6119699,126.9935814
37.6119690,126.9935811
37.6119681,126.9935807
37.6119672,126.9935798
37.6119661,126.9935789
37.6119653,126.9935776
37.6119644,126.9935760
37.6119642,126.9935747
37.6119636,126.9935741
37.6119630,126.9935741
37.6119622,126.9935738
37.6119613,126.9935730
37.6119603,126.9935719
37.6119595,126.9935704
37.6119588,126.9935691
37.6119581,126.9935682
37.6119575,126.9935676
37.6119569,126.9935674
37.6119562,126.9935672
37.6119554,126.9935665
37.6119544,126.9935655
37.6119534,126.9935642
37.6119527,126.9935623
37.6119521,126.9935608
37.6119514,126.9935598
37.6119505,126.9935590
37.6119493,126.9935584
37.6119484,126.9935583
37.6119475,126.9935575
37.6119464,126.9935563
37.6119465,126.9935548
37.6119461,126.9935541
37.6119459,126.9935533
37.6119454,126.9935525
37.6119447,126.9935520
37.6119438,126.9935513
37.6119428,126.9935504
37.6119420,126.9935496
37.6119416,126.9935483
37.6119413,126.9935476
37.6119407,126.9935470
37.6119398,126.9935465
37.6119389,126.9935460
37.6119379,126.9935456
37.6119367,126.9935444
37.6119358,126.9935432
37.6119351,126.9935421
37.6119346,126.9935417
37.6119340,126.9935416
37.6119332,126.9935415
37.6119323,126.9935415
37.6119312,126.9935411
37.6119303,126.9935405
37.6119293,126.9935394
37.6119285,126.9935384
37.6119280,126.9935371
37.6119270,126.9935370
37.6119260,126.9935370
37.6119248,126.9935370
37.6119237,126.9935370
37.6119228,126.9935365
37.6119221,126.9935361
37.6119213,126.9935354
37.6119209,126.9935341
37.6119203,126.9935330
37.6119194,126.9935326
37.6119184,126.9935324
37.6119173,126.9935321
37.6119162,126.9935320
37.6119154,126.9935311
37.6119149,126.9935305
37.6119144,126.9935299
37.6119139,126.9935290
37.6119132,126.9935282
37.6119119,126.9935276
37.6119106,126.9935269
37.6119093,126.9935262
37.6119084,126.9935259
37.6119077,126.9935253
37.6119070,126.9935244
37.6119066,126.9935238
37.6119060,126.9935232
37.6119052,126.9935226
37.6119044,126.9935217
37.6119032,126.9935208
37.6119022,126.9935197
37.6119013,126.9935189
37.6119006,126.9935184
37.6119001,126.9935181
37.6118994,126.9935172
37.6118987,126.9935166
37.6118977,126.9935160
37.6118967,126.9935151
37.6118955,126.9935139
37.6118946,126.9935126
37.6118936,126.9935119
37.6118926,126.9935112
37.6118920,126.9935108
37.6118913,126.9935105
37.6118904,126.9935099
37.6118896,126.9935093
37.6118888,126.9935084
37.6118880,126.9935074
37.6118872,126.9935063
37.6118864,126.9935052
37.6118855,126.9935044
37.6118847,126.9935040
37.6118838,126.9935036
37.6118828,126.9935031
37.6118818,126.9935024
37.6118809,126.9935016
37.6118803,126.9935010
37.6118796,126.9935003
37.6118789,126.9934993
37.6118782,126.9934983
37.6118771,126.9934974
37.6118762,126.9934968
37.6118753,126.9934960
37.6118747,126.9934956
37.6118741,126.9934951
37.6118736,126.9934945
37.6118732,126.9934938
37.6118726,126.9934928
37.6118717,126.9934919
37.6118706,126.9934909
37.6118693,126.9934905
37.6118682,126.9934900
37.6118670,126.9934899
37.6118661,126.9934898
37.6118654,126.9934892
37.6118645,126.9934889
37.6118639,126.9934884
37.6118634,126.9934875
37.6118625,126.9934869
37.6118617,126.9934859
37.6118609,126.9934853
37.6118601,126.9934847
37.6118596,126.9934845
37.6118590,126.9934841
37.6118583,126.9934833
37.6118578,126.9934826
37.6118572,126.9934823
37.6118567,126.9934816
37.6118562,126.9934810
37.6118557,126.9934801
37.6118550,126.9934793
37.6118543,126.9934787
37.6118537,126.9934783
37.6118529,126.9934777
37.6118521,126.9934767
37.6118516,126.9934760
37.6118511,126.9934753
37.6118508,126.9934745
37.6118503,126.9934738
37.6118499,126.9934732
37.6118493,126.9934726
37.6118483,126.9934719
37.6118471,126.9934711
37.6118460,126.9934705
37.6118452,126.9934694
37.6118447,126.9934685
37.6118439,126.9934678
37.6118433,126.9934673
37.6118427,126.9934665
37.6118420,126.9934656
37.6118410,126.9934647
37.6118399,126.9934639
37.6118388,126.9934631
37.6118379,126.9934623
37.6118369,126.9934616
37.6118360,126.9934609
37.6118350,126.9934601
37.6118341,126.9934595
37.6118330,126.9934588
37.6118318,126.9934579
37.6118305,126.9934568
37.6118291,126.9934557
37.6118279,126.9934542
37.6118270,126.9934534
37.6118258,126.9934530
37.6118249,126.9934526
37.6118243,126.9934524
37.6118237,126.9934518
37.6118227,126.9934514
37.6118217,126.9934507
37.6118204,126.9934500
37.6118193,126.9934491
37.6118185,126.9934482
37.6118175,126.9934475
37.6118167,126.9934474
37.6118159,126.9934470
37.6118150,126.9934463
37.6118143,126.9934458
37.6118134,126.9934448
37.6118124,126.9934438
37.6118116,126.9934429
37.6118104,126.9934420
37.6118095,126.9934416
37.6118084,126.9934410
37.6118072,126.9934405
37.6118060,126.9934398
37.6118048,126.9934391
37.6118039,126.9934382
37.6118031,126.9934378
37.6118024,126.9934371
37.6118017,126.9934361
37.6118009,126.9934354
37.6117999,126.9934345
37.6117990,126.9934337
37.6117979,126.9934330
37.6117970,126.9934322
37.6117965,126.9934311
37.6117962,126.9934305
37.6117956,126.9934298
37.6117952,126.9934291
37.6117946,126.9934283
37.6117935,126.9934270
37.6117922,126.9934254
37.6117909,126.9934237
37.6117899,126.9934225
37.6117891,126.9934216
37.6117882,126.9934213
37.6117876,126.9934208
37.6117869,126.9934203
37.6117861,126.9934195
37.6117852,126.9934189
37.6117838,126.9934177
37.6117825,126.9934161
37.6117815,126.9934151
37.6117802,126.9934146
37.6117793,126.9934146
37.6117784,126.9934145
37.6117773,126.9934143
37.6117761,126.9934138
37.6117750,126.9934133
37.6117741,126.9934125
37.6117733,126.9934115
37.6117725,126.9934104
37.6117719,126.9934097
37.6117713,126.9934092
37.6117705,126.9934088
37.6117694,126.9934081
37.6117684,126.9934071
37.6117674,126.9934062
37.6117663,126.9934051
37.6117659,126.9934040
37.6117654,126.9934033
37.6117648,126.9934027
37.6117639,126.9934020
37.6117631,126.9934016
37.6117620,126.9934010
37.6117610,126.9934001
37.6117602,126.9933993
37.6117593,126.9933986
37.6117587,126.9933978
37.6117581,126.9933973
37.6117574,126.9933968
37.6117564,126.9933962
37.6117553,126.9933956
37.6117543,126.9933950
37.6117532,126.9933942
37.6117524,126.9933936
37.6117517,126.9933930
37.6117511,126.9933925
37.6117504,126.9933919
37.6117498,126.9933914
37.6117490,126.9933906
37.6117482,126.9933896
37.6117474,126.9933889
37.6117466,126.9933883
37.6117459,126.9933876
37.6117454,126.9933871
37.6117450,126.9933865
37.6117444,126.9933859
37.6117437,126.9933854
37.6117429,126.9933847
37.6117421,126.9933837
37.6117414,126.9933826
37.6117408,126.9933818
37.6117401,126.9933812
37.6117394,126.9933809
37.6117385,126.9933805
37.6117373,126.9933797
37.6117366,126.9933791
37.6117355,126.9933785
37.6117347,126.9933777
37.6117342,126.9933768
37.6117336,126.9933757
37.6117332,126.9933746
37.6117327,126.9933737
37.6117319,126.9933729
37.6117309,126.9933721
37.6117299,126.9933710
37.6117293,126.9933704
37.6117287,126.9933698
37.6117282,126.9933691
37.6117280,126.9933683
37.6117275,126.9933673
37.6117267,126.9933663
37.6117257,126.9933655
37.6117245,126.9933651
37.6117234,126.9933646
37.6117223,126.9933638
37.6117213,126.9933629
37.6117203,126.9933617
37.6117194,126.9933606
37.6117184,126.9933596
37.6117175,126.9933589
37.6117166,126.9933584
37.6117158,126.9933584
37.6117152,126.9933582
37.6117142,126.9933575
37.6117133,126.9933567
37.6117126,126.9933559
37.6117117,126.9933550
37.6117109,126.9933541
37.6117103,126.9933534
37.6117098,126.9933525
37.6117093,126.9933517
37.6117089,126.9933507
37.6117083,126.9933496
37.6117075,126.9933483
37.6117068,126.9933473
37.6117061,126.9933466
37.6117051,126.9933460
37.6117044,126.9933457
37.6117037,126.9933451
37.6117028,126.9933442
37.6117022,126.9933435
37.6117014,126.9933426
37.6117006,126.9933416
37.6116999,126.9933407
37.6116990,126.9933401
37.6116982,126.9933395
37.6116973,126.9933391
37.6116963,126.9933387
37.6116951,126.9933381
37.6116939,126.9933372
37.6116926,126.9933358
37.6116915,126.9933349
37.6116904,126.9933339
37.6116895,126.9933334
37.6116889,126.9933331
37.6116883,126.9933329
37.6116875,126.9933325
37.6116866,126.9933317
37.6116857,126.9933308
37.6116846,126.9933299
37.6116836,126.9933290
37.6116827,126.9933284
37.6116819,126.9933280
37.6116814,126.9933274
37.6116808,126.9933269
37.6116801,126.9933260
37.6116791,126.9933249
37.6116783,126.9933239
37.6116776,126.9933232
37.6116767,126.9933225
37.6116760,126.9933221
37.6116752,126.9933217
37.6116744,126.9933212
37.6116736,126.9933205
37.6116729,126.9933195
37.6116723,126.9933185
37.6116716,126.9933174
37.6116708,126.9933164
37.6116699,126.9933153
37.6116689,126.9933144
37.6116679,126.9933137
37.6116668,126.9933130
37.6116657,126.9933121
37.6116642,126.9933112
37.6116631,126.9933099
37.6116620,126.9933087
37.6116609,126.9933077
37.6116599,126.9933072
37.6116587,126.9933067
37.6116576,126.9933065
37.6116565,126.9933064
37.6116551,126.9933062
37.6116539,126.9933058
37.6116528,126.9933051
37.6116515,126.9933047
37.6116505,126.9933043
37.6116495,126.9933043
37.6116484,126.9933039
37.6116473,126.9933035
37.6116461,126.9933029
37.6116450,126.9933021
37.6116438,126.9933017
37.6116425,126.9933013
37.6116413,126.9933012
37.6116402,126.9933009
37.6116392,126.9933006
37.6116382,126.9933002
37.6116372,126.9932996
37.6116363,126.9932989
37.6116350,126.9932982
37.6116339,126.9932976
37.6116328,126.9932974
37.6116318,126.9932972
37.6116306,126.9932972
37.6116297,126.9932969
37.6116288,126.9932964
37.6116279,126.9932959
37.6116270,126.9932951
37.6116261,126.9932942
37.6116252,126.9932934
37.6116243,126.9932928
37.6116233,126.9932922
37.6116225,126.9932916
37.6116216,126.9932911
37.6116208,126.9932901
37.6116200,126.9932890
37.6116192,126.9932883
37.6116185,126.9932874
37.6116177,126.9932864
37.6116172,126.9932858
37.6116164,126.9932849
37.6116158,126.9932838
37.6116151,126.9932828
37.6116142,126.9932817
37.6116133,126.9932808
37.6116125,126.9932799
37.6116118,126.9932790
37.6116111,126.9932781
37.6116105,126.9932774
37.6116101,126.9932766
37.6116093,126.9932758
37.6116087,126.9932745
37.6116081,126.9932733
37.6116075,126.9932726
37.6116068,126.9932719
37.6116061,126.9932711
37.6116054,126.9932701
37.6116046,126.9932689
37.6116040,126.9932677
37.6116033,126.9932668
37.6116030,126.9932658
37.6116027,126.9932651
37.6116024,126.9932639
37.6116022,126.9932627
37.6116020,126.9932616
37.6116016,126.9932604
37.6116012,126.9932592
37.6116009,126.9932581
37.6116007,126.9932571
37.6116007,126.9932561
37.6116008,126.9932554
37.6116009,126.9932543
37.6116011,126.9932534
37.6116011,126.9932523
37.6116011,126.9932513
37.6116015,126.9932503
37.6116019,126.9932492
37.6116022,126.9932483
37.6116027,126.9932475
37.6116034,126.9932467
37.6116038,126.9932459
37.6116042,126.9932451
37.6116047,126.9932443
37.6116052,126.9932434
37.6116058,126.9932428
37.6116067,126.9932423
37.6116078,126.9932420
37.6116087,126.9932414
37.6116097,126.9932409
37.6116102,126.9932401
37.6116108,126.9932394
37.6116113,126.9932387
37.6116120,126.9932381
37.6116130,126.9932380
37.6116137,126.9932380
37.6116145,126.9932382
37.6116154,126.9932381
37.6116164,126.9932379
37.6116172,126.9932377
37.6116181,126.9932372
37.6116189,126.9932366
37.6116197,126.9932364
37.6116206,126.9932364
37.6116213,126.9932369
37.6116221,126.9932368
37.6116228,126.9932370
37.6116234,126.9932374
37.6116243,126.9932376
37.6116250,126.9932380
37.6116260,126.9932382
37.6116270,126.9932386
37.6116279,126.9932390
37.6116288,126.9932394
37.6116297,126.9932401
37.6116304,126.9932407
37.6116311,126.9932409
37.6116318,126.9932413
37.6116327,126.9932421
37.6116335,126.9932430
37.6116345,126.9932442
37.6116352,126.9932454
37.6116359,126.9932460
37.6116366,126.9932467
37.6116374,126.9932471
37.6116382,126.9932476
37.6116392,126.9932484
37.6116401,126.9932495
37.6116408,126.9932506
37.6116415,126.9932516
37.6116419,126.9932527
37.6116424,126.9932536
37.6116429,126.9932546
37.6116437,126.9932551
37.6116447,126.9932559
37.6116456,126.9932567
37.6116463,126.9932579
37.6116469,126.9932590
37.6116474,126.9932600
37.6116476,126.9932610
37.6116480,126.9932620
37.6116484,126.9932631
37.6116491,126.9932644
37.6116498,126.9932656
37.6116505,126.9932665
37.6116509,126.9932676
37.6116511,126.9932689
37.6116514,126.9932697
37.6116515,126.9932709
37.6116517,126.9932720
37.6116520,126.9932728
37.6116524,126.9932740
37.6116527,126.9932754
37.6116529,126.9932766
37.6116530,126.9932780
37.6116532,126.9932792
37.6116535,126.9932801
37.6116539,126.9932811
37.6116544,126.9932822
37.6116549,126.9932834
37.6116552,126.9932845
37.6116553,126.9932856
37.6116552,126.9932867
37.6116552,126.9932879
37.6116553,126.9932892
37.6116556,126.9932905
37.6116561,126.9932918
37.6116569,126.9932931
37.6116575,126.9932943
37.6116581,126.9932956
37.6116585,126.9932968
37.6116589,126.9932979
37.6116593,126.9932991
37.6116599,126.9933001
37.6116606,126.9933016
37.6116614,126.9933033
37.6116624,126.9933046
37.6116632,126.9933058
37.6116641,126.9933070
37.6116648,126.9933080
37.6116656,126.9933089
37.6116664,126.9933099
37.6116670,126.9933111
37.6116677,126.9933120
37.6116683,126.9933129
37.6116689,126.9933140
37.6116695,126.9933150
37.6116701,126.9933157
37.6116709,126.9933164
37.6116718,126.9933168
37.6116726,126.9933176
37.6116734,126.9933186
37.6116741,126.9933196
37.6116747,126.9933204
37.6116755,126.9933212
37.6116761,126.9933221
37.6116769,126.9933228
37.6116778,126.9933235
37.6116787,126.9933243
37.6116797,126.9933250
37.6116804,126.9933257
37.6116811,126.9933265
37.6116818,126.9933269
37.6116825,126.9933275
37.6116832,126.9933283
37.6116841,126.9933293
37.6116850,126.9933302
37.6116858,126.9933310
37.6116866,126.9933317
37.6116875,126.9933321
37.6116881,126.9933325
37.6116888,126.9933328
37.6116895,126.9933333
37.6116902,126.9933340
37.6116910,126.9933351
37.6116921,126.9933362
37.6116929,126.9933369
37.6116941,126.9933372
37.6116952,126.9933371
37.6116962,126.9933370
37.6116971,126.9933371
37.6116982,126.9933375
37.6116992,126.9933377
37.6117003,126.9933383
37.6117011,126.9933388
37.6117020,126.9933399
37.6117030,126.9933405
37.6117038,126.9933407
37.6117045,126.9933410
37.6117054,126.9933410
37.6117062,126.9933416
37.6117070,126.9933424
37.6117077,126.9933430
37.6117083,126.9933438
37.6117090,126.9933449
37.6117096,126.9933457
37.6117103,126.9933463
37.6117111,126.9933471
37.6117120,126.9933474
37.6117129,126.9933481
37.6117138,126.9933490
37.6117146,126.9933499
37.6117151,126.9933507
37.6117158,126.9933513
37.6117166,126.9933519
37.6117172,126.9933527
37.6117181,126.9933533
37.6117190,126.9933541
37.6117198,126.9933548
37.6117206,126.9933555
37.6117214,126.9933562
37.6117220,126.9933570
37.6117227,126.9933578
37.6117233,126.9933585
37.6117238,126.9933595
37.6117247,126.9933604
37.6117255,126.9933612
37.6117263,126.9933620
37.6117271,126.9933627
37.6117279,126.9933634
37.6117285,126.9933640
37.6117292,126.9933648
37.6117298,126.9933654
37.6117304,126.9933663
37.6117313,126.9933674
37.6117320,126.9933684
37.6117329,126.9933691
37.6117336,126.9933698
37.6117344,126.9933702
37.6117352,126.9933706
37.6117357,126.9933712
37.6117364,126.9933720
37.6117371,126.9933725
37.6117378,126.9933733
37.6117387,126.9933742
37.6117396,126.9933749
37.6117404,126.9933756
37.6117411,126.9933763
37.6117418,126.9933768
37.6117425,126.9933775
37.6117433,126.9933785
37.6117440,126.9933792
37.6117448,126.9933801
37.6117456,126.9933808
37.6117464,126.9933818
37.6117470,126.9933826
37.6117476,126.9933834
37.6117484,126.9933841
37.6117492,126.9933846
37.6117502,126.9933853
37.6117509,126.9933860
37.6117518,126.9933863
37.6117525,126.9933867
37.6117531,126.9933873
37.6117538,126.9933881
37.6117546,126.9933890
37.6117554,126.9933896
37.6117563,126.9933903
37.6117573,126.9933907
37.6117583,126.9933912
37.6117592,126.9933916
37.6117599,126.9933920
37.6117607,126.9933927
37.6117613,126.9933935
37.6117621,126.9933945
37.6117632,126.9933953
37.6117641,126.9933957
37.6117649,126.9933963
37.6117658,126.9933965
37.6117665,126.9933969
37.6117671,126.9933976
37.6117677,126.9933982
37.6117685,126.9933988
37.6117696,126.9933993
37.6117705,126.9934001
37.6117715,126.9934007
37.6117723,126.9934012
37.6117730,126.9934018
37.6117737,126.9934021
37.6117745,126.9934025
37.6117753,126.9934032
37.6117764,126.9934034
37.6117774,126.9934039
37.6117782,126.9934046
37.6117790,126.9934054
37.6117796,126.9934061
37.6117804,126.9934068
37.6117811,126.9934077
37.6117821,126.9934081
37.6117829,126.9934089
37.6117839,126.9934097
37.6117847,126.9934102
37.6117854,126.9934110
37.6117859,126.9934115
37.6117863,126.9934124
37.6117868,126.9934133
37.6117876,126.9934141
37.6117884,126.9934149
37.6117892,126.9934157
37.6117902,126.9934162
37.6117909,126.9934166
37.6117917,126.9934170
37.6117922,126.9934174
37.6117928,126.9934180
37.6117935,126.9934187
37.6117942,126.9934194
37.6117952,126.9934205
37.6117960,126.9934212
37.6117969,126.9934218
37.6117976,126.9934224
37.6117983,126.9934227
37.6117990,126.9934233
37.6117997,126.9934237
37.6118006,126.9934240
37.6118015,126.9934244
37.6118023,126.9934248
37.6118033,126.9934253
37.6118042,126.9934258
37.6118050,126.9934260
37.6118057,126.9934265
37.6118065,126.9934272
37.6118072,126.9934276
37.6118080,126.9934280
37.6118089,126.9934284
37.6118095,126.9934286
37.6118104,126.9934290
37.6118112,126.9934297
37.6118123,126.9934303
37.6118132,126.9934308
37.6118141,126.9934311
37.6118149,126.9934314
37.6118157,126.9934317
37.6118164,126.9934318
37.6118170,126.9934319
37.6118178,126.9934321
37.6118183,126.9934326
37.6118194,126.9934332
37.6118203,126.9934337
37.6118209,126.9934339
37.6118220,126.9934341
37.6118225,126.9934341
37.6118229,126.9934340
37.6118236,126.9934343
37.6118241,126.9934347
37.6118249,126.9934351
37.6118256,126.9934355
37.6118262,126.9934358
37.6118269,126.9934363
37.6118277,126.9934368
37.6118284,126.9934369
37.6118292,126.9934371
37.6118299,126.9934377
37.6118307,126.9934384
37.6118314,126.9934387
37.6118322,126.9934391
37.6118328,126.9934393
37.6118335,126.9934399
37.6118342,126.9934404
37.6118350,126.9934408
37.6118358,126.9934413
37.6118364,126.9934421
37.6118373,126.9934423
37.6118381,126.9934428
37.6118389,126.9934436
37.6118396,126.9934439
37.6118402,126.9934447
37.6118410,126.9934453
37.6118416,126.9934461
37.6118422,126.9934468
37.6118428,126.9934479
37.6118436,126.9934487
37.6118443,126.9934491
37.6118451,126.9934498
37.6118460,126.9934502
37.6118468,126.9934509
37.6118477,126.9934516
37.6118483,126.9934523
37.6118489,126.9934529
37.6118496,126.9934536
37.6118502,126.9934545
37.6118510,126.9934553
37.6118519,126.9934560
37.6118527,126.9934568
37.6118534,126.9934575
37.6118538,126.9934582
37.6118543,126.9934587
37.6118548,126.9934592
37.6118555,126.9934599
37.6118563,126.9934606
37.6118574,126.9934617
37.6118584,126.9934627
37.6118594,126.9934636
37.6118602,126.9934644
37.6118609,126.9934650
37.6118616,126.9934654
37.6118621,126.9934661
37.6118628,126.9934667
37.6118636,126.9934676
37.6118646,126.9934688
37.6118656,126.9934703
37.6118665,126.9934715
37.6118675,126.9934723
37.6118683,126.9934729
37.6118690,126.9934733
37.6118696,126.9934738
37.6118704,126.9934744
37.6118714,126.9934752
37.6118723,126.9934763
37.6118735,126.9934775
37.6118744,126.9934785
37.6118752,126.9934796
37.6118761,126.9934800
37.6118770,126.9934805
37.6118779,126.9934809
37.6118789,126.9934812
37.6118797,126.9934816
37.6118805,126.9934820
37.6118814,126.9934827
37.6118820,126.9934835
37.6118826,126.9934843
37.6118835,126.9934850
37.6118846,126.9934853
37.6118858,126.9934855
37.6118870,126.9934859
37.6118879,126.9934866
37.6118886,126.9934872
37.6118890,126.9934877
37.6118896,126.9934886
37.6118902,126.9934894
37.6118913,126.9934903
37.6118925,126.9934908
37.6118937,126.9934915
37.6118950,126.9934917
37.6118958,126.9934924
37.6118964,126.9934929
37.6118970,126.9934935
37.6118975,126.9934942
37.6118983,126.9934953
37.6118992,126.9934961
37.6119002,126.9934968
37.6119012,126.9934974
37.6119022,126.9934980
37.6119030,126.9934981
37.6119036,126.9934988
37.6119041,126.9934997
37.6119048,126.9935004
37.6119057,126.9935014
37.6119066,126.9935021
37.6119078,126.9935031
37.6119087,126.9935040
37.6119097,126.9935047
37.6119104,126.9935053
37.6119111,126.9935058
37.6119118,126.9935065
37.6119127,126.9935070
37.6119136,126.9935075
37.6119147,126.9935082
37.6119159,126.9935089
37.6119171,126.9935100
37.6119182,126.9935115
37.6119192,126.9935128
37.6119203,126.9935139
37.6119211,126.9935147
37.6119222,126.9935150
37.6119231,126.9935154
37.6119239,126.9935157
37.6119246,126.9935162
37.6119254,126.9935166
37.6119261,126.9935178
37.6119271,126.9935190
37.6119281,126.9935200
37.6119290,126.9935209
37.6119300,126.9935216
37.6119310,126.9935220
37.6119320,126.9935225
37.6119328,126.9935233
37.6119335,126.9935239
37.6119342,126.9935248
37.6119350,126.9935257
37.6119360,126.9935266
37.6119369,126.9935275
37.6119379,126.9935284
37.6119388,126.9935290
37.6119397,126.9935296
37.6119405,126.9935303
37.6119412,126.9935310
37.6119419,126.9935318
37.6119427,126.9935326
37.6119433,126.9935333
37.6119443,126.9935339
37.6119450,126.9935349
37.6119459,126.9935358
37.6119466,126.9935366
37.6119475,126.9935374
37.6119485,126.9935381
37.6119496,126.9935392
37.6119508,126.9935406
37.6119520,126.9935418
37.6119529,126.9935431
37.6119535,126.9935440
37.6119540,126.9935449
37.6119543,126.9935455
37.6119547,126.9935465
37.6119554,126.9935475
37.6119565,126.9935484
37.6119576,126.9935494
37.6119586,126.9935505
37.6119592,126.9935515
37.6119597,126.9935522
37.6119600,126.9935528
37.6119602,126.9935537
37.6119607,126.9935549
37.6119614,126.9935560
37.6119624,126.9935572
37.6119633,126.9935583
37.6119640,126.9935593
37.6119647,126.9935599
37.6119650,126.9935607
37.6119654,126.9935615
37.6119660,126.9935622
37.6119665,126.9935636
37.6119672,126.9935648
37.6119679,126.9935660
37.6119686,126.9935671
37.6119691,126.9935678
37.6119696,126.9935684
37.6119701,126.9935689
37.6119706,126.9935697
37.6119712,126.9935708
37.6119720,126.9935716
37.6119728,126.9935726
37.6119735,126.9935738
37.6119742,126.9935748
37.6119748,126.9935760
37.6119755,126.9935769
37.6119763,126.9935777
37.6119772,126.9935782
37.6119780,126.9935792
37.6119786,126.9935803
37.6119792,126.9935814
37.6119797,126.9935824
37.6119801,126.9935833
37.6119805,126.9935845
37.6119811,126.9935856
37.6119819,126.9935867
37.6119828,126.9935876
37.6119838,126.9935884
37.6119845,126.9935895
37.6119851,126.9935901
37.6119854,126.9935909
37.6119860,126.9935918
37.6119865,126.9935931
37.6119873,126.9935944
37.6119881,126.9935954
37.6119887,126.9935963
37.6119895,126.9935971
37.6119900,126.9935977
37.6119904,126.9935983
37.6119910,126.9935989
37.6119915,126.9935999
37.6119921,126.9936010
37.6119929,126.9936021
37.6119937,126.9936033
37.6119944,126.9936044
37.6119949,126.9936051
37.6119954,126.9936059
37.6119959,126.9936066
37.6119965,126.9936077
37.6119972,126.9936088
37.6119979,126.9936102
37.6119986,126.9936114
37.6119996,126.9936123
37.6120004,126.9936137
37.6120012,126.9936149
37.6120019,126.9936164
37.6120027,126.9936175
37.6120036,126.9936186
37.6120045,126.9936195
37.6120052,126.9936202
37.6120060,126.9936210
37.6120067,126.9936217
37.6120073,126.9936223
37.6120079,126.9936230
37.6120087,126.9936240
37.6120095,126.9936256
37.6120104,126.9936269
37.6120113,126.9936279
37.6120121,126.9936286
37.6120127,126.9936294
37.6120134,126.9936304
37.6120142,126.9936315
37.6120150,126.9936324
37.6120157,126.9936336
37.6120165,126.9936349
37.6120172,126.9936362
37.6120178,126.9936374
37.6120184,126.9936383
37.6120193,126.9936392
37.6120201,126.9936402
37.6120211,126.9936415
37.6120222,126.9936429
37.6120231,126.9936445
37.6120239,126.9936457
37.6120246,126.9936466
37.6120254,126.9936475
37.6120263,126.9936484
37.6120273,126.9936496
37.6120284,126.9936510
37.6120293,126.9936521
37.6120303,126.9936531
37.6120310,126.9936541
37.6120317,126.9936549
37.6120324,126.9936556
37.6120332,126.9936564
37.6120342,126.9936576
37.6120352,126.9936593
37.6120363,126.9936613
37.6120374,126.9936629
37.6120382,126.9936640
37.6120390,126.9936649
37.6120396,126.9936653
37.6120401,126.9936657
37.6120408,126.9936665
37.6120415,126.9936676
37.6120422,126.9936690
37.6120430,126.9936708
37.6120439,126.9936721
37.6120446,126.9936733
37.6120453,126.9936740
37.6120460,126.9936746
37.6120467,126.9936752
37.6120475,126.9936760
37.6120485,126.9936773
37.6120496,126.9936785
37.6120505,126.9936796
37.6120514,126.9936805
37.6120521,126.9936814
37.6120529,126.9936822
37.6120538,126.9936836
37.6120546,126.9936851
37.6120559,126.9936863
37.6120568,126.9936875
37.6120577,126.9936883
37.6120584,126.9936891
37.6120591,126.9936899
37.6120598,126.9936908
37.6120606,126.9936916
37.6120615,126.9936928
37.6120626,126.9936941
37.6120638,126.9936957
37.6120649,126.9936974
37.6120658,126.9936986
37.6120666,126.9936994
37.6120675,126.9937001
37.6120682,126.9937007
37.6120690,126.9937014
37.6120696,126.9937027
37.6120703,126.9937035
37.6120709,126.9937042
37.6120715,126.9937051
37.6120719,126.9937060
37.6120725,126.9937073
37.6120729,126.9937085
37.6120734,126.9937091
37.6120738,126.9937096
37.6120740,126.9937102
37.6120741,126.9937105
37.6120743,126.9937106
37.6120744,126.9937113
37.6120747,126.9937120
37.6120749,126.9937128
37.6120748,126.9937138
37.6120746,126.9937148
37.6120741,126.9937160
37.6120734,126.9937175
37.6120732,126.9937187
37.6120732,126.9937198
37.6120732,126.9937206
37.6120733,126.9937215
37.6120732,126.9937225
37.6120730,126.9937237
37.6120729,126.9937245
37.6120726,126.9937256
37.6120721,126.9937267
37.6120716,126.9937280
37.6120711,126.9937291
37.6120710,126.9937302
37.6120708,126.9937311
37.6120706,126.9937321
37.6120704,126.9937331
37.6120700,126.9937343
37.6120696,126.9937353
37.6120692,126.9937361
37.6120688,126.9937371
37.6120682,126.9937381
37.6120676,126.9937390
37.6120672,126.9937402
37.6120666,126.9937409
37.6120663,126.9937416
37.6120662,126.9937423
37.6120662,126.9937430
37.6120666,126.9937437
37.6120663,126.9937445
37.6120658,126.9937460
37.6120651,126.9937473
37.6120645,126.9937483
37.6120641,126.9937495
37.6120637,126.9937503
37.6120633,126.9937512
37.6120629,126.9937524
37.6120624,126.9937533
37.6120617,126.9937547
37.6120610,126.9937557
37.6120603,126.9937569
37.6120598,126.9937577
37.6120593,126.9937583
37.6120590,126.9937590
37.6120587,126.9937596
37.6120581,126.9937606
37.6120572,126.9937618
37.6120564,126.9937631
37.6120557,126.9937644
37.6120555,126.9937652
37.6120555,126.9937658
37.6120552,126.9937665
37.6120549,126.9937676
37.6120539,126.9937690
37.6120529,126.9937703
37.6120521,126.9937714
37.6120515,126.9937724
37.6120510,126.9937734
37.6120505,126.9937745
37.6120498,126.9937756
37.6120493,126.9937767
37.6120485,126.9937780
37.6120475,126.9937792
37.6120467,126.9937804
37.6120460,126.9937813
37.6120455,126.9937821
37.6120450,126.9937825
37.6120444,126.9937837
37.6120436,126.9937848
37.6120427,126.9937858
37.6120422,126.9937871
37.6120414,126.9937881
37.6120409,126.9937888
37.6120405,126.9937896
37.6120399,126.9937903
37.6120395,126.9937911
37.6120389,126.9937919
37.6120382,126.9937928
37.6120373,126.9937938
37.6120363,126.9937951
37.6120356,126.9937960
37.6120351,126.9937970
37.6120350,126.9937977
37.6120350,126.9937986
37.6120346,126.9937995
37.6120339,126.9938005
37.6120332,126.9938016
37.6120326,126.9938024
37.6120321,126.9938033
37.6120316,126.9938046
37.6120311,126.9938059
37.6120312,126.9938070
37.6120310,126.9938081
37.6120311,126.9938091
37.6120313,126.9938096
37.6120315,126.9938104
37.6120316,126.9938108
37.6120319,126.9938117
37.6120323,126.9938124
37.6120327,126.9938133
37.6120331,126.9938144
37.6120334,126.9938159
37.6120338,126.9938167
37.6120343,126.9938169
37.6120348,126.9938173
37.6120353,126.9938178
37.6120354,126.9938188
37.6120359,126.9938198
37.6120365,126.9938211
37.6120370,126.9938218
37.6120371,126.9938232
37.6120370,126.9938237
37.6120372,126.9938243
37.6120376,126.9938246
37.6120381,126.9938251
37.6120387,126.9938256
37.6120389,126.9938262
37.6120391,126.9938271
37.6120393,126.9938283
37.6120394,126.9938289
37.6120398,126.9938294
37.6120403,126.9938299
37.6120408,126.9938300
37.6120409,126.9938301
37.6120416,126.9938304
37.6120422,126.9938310
37.6120424,126.9938312
37.6120427,126.9938313
37.6120430,126.9938312
37.6120436,126.9938312
37.6120442,126.9938310
37.6120448,126.9938312
37.6120451,126.9938314
37.6120459,126.9938309
37.6120463,126.9938308
37.6120465,126.9938311
37.6120473,126.9938309
37.6120478,126.9938310
37.6120482,126.9938317
37.6120491,126.9938323
37.6120495,126.9938327
37.6120501,126.9938338
37.6120509,126.9938346
37.6120512,126.9938353
37.6120517,126.9938358
37.6120520,126.9938361
37.6120517,126.9938366
37.6120516,126.9938369
37.6120516,126.9938367
37.6120519,126.9938365
37.6120519,126.9938360
37.6120515,126.9938360
37.6120510,126.9938361
37.6120511,126.9938361
37.6120507,126.9938365
37.6120502,126.9938368
37.6120496,126.9938377
37.6120494,126.9938376
37.6120492,126.9938379
37.6120489,126.9938376
37.6120486,126.9938377
37.6120492,126.9938379
37.6120490,126.9938383
37.6120491,126.9938385
37.6120491,126.9938382
37.6120491,126.9938382
37.6120486,126.9938386
37.6120485,126.9938390
37.6120487,126.9938393
37.6120485,126.9938395
37.6120485,126.9938394
37.6120484,126.9938393
37.6120483,126.9938397
37.6120474,126.9938401
37.6120470,126.9938404
37.6120469,126.9938408
37.6120465,126.9938412
37.6120464,126.9938415
37.6120461,126.9938417
37.6120461,126.9938420
37.6120462,126.9938426
37.6120452,126.9938432
37.6120445,126.9938438
37.6120446,126.9938442
37.6120444,126.9938448
37.6120446,126.9938457
37.6120443,126.9938463
37.6120435,126.9938467
37.6120432,126.9938474
37.6120427,126.9938481
37.6120424,126.9938485
37.6120421,126.9938493
37.6120418,126.9938499
37.6120416,126.9938507
37.6120413,126.9938516
37.6120409,126.9938526
37.6120404,126.9938534
37.6120397,126.9938544
37.6120389,126.9938550
37.6120384,126.9938560
37.6120382,126.9938569
37.6120375,126.9938580
37.6120366,126.9938583
37.6120363,126.9938590
